anchor,positive,negative
05/0001.png,05/0000.png,05/00018.png
05/0001.png,05/0002.png,05/00019.png
05/00021.png,05/00016.png,05/0000.png
05/00021.png,05/00017.png,05/0001.png
05/00021.png,05/00018.png,05/0002.png
05/00041.png,05/00038.png,05/00020.png
05/00041.png,05/00039.png,05/00021.png
05/00041.png,05/00040.png,05/00022.png
05/00061.png,05/00058.png,05/00043.png
05/00061.png,05/00059.png,05/00044.png
05/00061.png,05/00060.png,05/00045.png
05/00081.png,05/00078.png,05/00063.png
05/00081.png,05/00079.png,05/00064.png
05/00081.png,05/00080.png,05/00065.png
05/000101.png,05/00097.png,05/00081.png
05/000101.png,05/00098.png,05/00082.png
05/000101.png,05/00099.png,05/00083.png
05/000121.png,05/000112.png,05/00092.png
05/000121.png,05/000113.png,05/00093.png
05/000121.png,05/000114.png,05/00094.png
05/000141.png,05/000130.png,05/00098.png
05/000141.png,05/000131.png,05/00099.png
05/000141.png,05/000132.png,05/000100.png
05/000161.png,05/000155.png,05/000106.png
05/000161.png,05/000156.png,05/000107.png
05/000161.png,05/000157.png,05/000108.png
05/000181.png,05/000177.png,05/000155.png
05/000181.png,05/000178.png,05/000156.png
05/000181.png,05/000179.png,05/000157.png
05/000201.png,05/000196.png,05/000177.png
05/000201.png,05/000197.png,05/000178.png
05/000201.png,05/000198.png,05/000179.png
05/000221.png,05/000216.png,05/000193.png
05/000221.png,05/000217.png,05/000194.png
05/000221.png,05/000218.png,05/000195.png
05/000241.png,05/000236.png,05/000214.png
05/000241.png,05/000237.png,05/000215.png
05/000241.png,05/000238.png,05/000216.png
05/000261.png,05/000257.png,05/000237.png
05/000261.png,05/000258.png,05/000238.png
05/000261.png,05/000259.png,05/000239.png
05/000281.png,05/000277.png,05/000258.png
05/000281.png,05/000278.png,05/000259.png
05/000281.png,05/000279.png,05/000260.png
05/000301.png,05/000296.png,05/000276.png
05/000301.png,05/000297.png,05/000277.png
05/000301.png,05/000298.png,05/000278.png
05/000321.png,05/000316.png,05/000294.png
05/000321.png,05/000317.png,05/000295.png
05/000321.png,05/000318.png,05/000296.png
05/000341.png,05/000335.png,05/000312.png
05/000341.png,05/000336.png,05/000313.png
05/000341.png,05/000337.png,05/000314.png
05/000361.png,05/000354.png,05/000328.png
05/000361.png,05/000355.png,05/000329.png
05/000361.png,05/000356.png,05/000330.png
05/000381.png,05/000373.png,05/000344.png
05/000381.png,05/000374.png,05/000345.png
05/000381.png,05/000375.png,05/000346.png
05/000401.png,05/000394.png,05/000364.png
05/000401.png,05/000395.png,05/000365.png
05/000401.png,05/000396.png,05/000366.png
05/000421.png,05/000411.png,05/000381.png
05/000421.png,05/000412.png,05/000382.png
05/000421.png,05/000413.png,05/000383.png
05/000441.png,05/000434.png,05/000394.png
05/000441.png,05/000435.png,05/000395.png
05/000441.png,05/000436.png,05/000396.png
05/000461.png,05/000457.png,05/000430.png
05/000461.png,05/000458.png,05/000431.png
05/000461.png,05/000459.png,05/000432.png
05/000481.png,05/000477.png,05/000460.png
05/000481.png,05/000478.png,05/000461.png
05/000481.png,05/000479.png,05/000462.png
05/000501.png,05/000496.png,05/000478.png
05/000501.png,05/000497.png,05/000479.png
05/000501.png,05/000498.png,05/000480.png
05/000521.png,05/000512.png,05/000488.png
05/000521.png,05/000513.png,05/000489.png
05/000521.png,05/000514.png,05/000490.png
05/000541.png,05/000531.png,05/000495.png
05/000541.png,05/000532.png,05/000496.png
05/000541.png,05/000533.png,05/000497.png
05/000561.png,05/000554.png,05/000501.png
05/000561.png,05/000555.png,05/000502.png
05/000561.png,05/000556.png,05/000503.png
05/000581.png,05/000577.png,05/000553.png
05/000581.png,05/000578.png,05/000554.png
05/000581.png,05/000579.png,05/000555.png
05/000601.png,05/000597.png,05/000579.png
05/000601.png,05/000598.png,05/000580.png
05/000601.png,05/000599.png,05/000581.png
05/000621.png,05/000617.png,05/000599.png
05/000621.png,05/000618.png,05/000600.png
05/000621.png,05/000619.png,05/000601.png
05/000641.png,05/000637.png,05/000620.png
05/000641.png,05/000638.png,05/000621.png
05/000641.png,05/000639.png,05/000622.png
05/000661.png,05/000657.png,05/000641.png
05/000661.png,05/000658.png,05/000642.png
05/000661.png,05/000659.png,05/000643.png
05/000681.png,05/000677.png,05/000661.png
05/000681.png,05/000678.png,05/000662.png
05/000681.png,05/000679.png,05/000663.png
05/000701.png,05/000697.png,05/000681.png
05/000701.png,05/000698.png,05/000682.png
05/000701.png,05/000699.png,05/000683.png
05/000721.png,05/000717.png,05/000702.png
05/000721.png,05/000718.png,05/000703.png
05/000721.png,05/000719.png,05/000704.png
05/000741.png,05/000737.png,05/000721.png
05/000741.png,05/000738.png,05/000722.png
05/000741.png,05/000739.png,05/000723.png
05/000761.png,05/000756.png,05/000737.png
05/000761.png,05/000757.png,05/000738.png
05/000761.png,05/000758.png,05/000739.png
05/000781.png,05/000774.png,05/000751.png
05/000781.png,05/000775.png,05/000752.png
05/000781.png,05/000776.png,05/000753.png
05/000801.png,05/000790.png,05/000760.png
05/000801.png,05/000791.png,05/000761.png
05/000801.png,05/000792.png,05/000762.png
05/000821.png,05/000814.png,05/000769.png
05/000821.png,05/000815.png,05/000770.png
05/000821.png,05/000816.png,05/000771.png
05/000841.png,05/000837.png,05/000811.png
05/000841.png,05/000838.png,05/000812.png
05/000841.png,05/000839.png,05/000813.png
05/000861.png,05/000856.png,05/000837.png
05/000861.png,05/000857.png,05/000838.png
05/000861.png,05/000858.png,05/000839.png
05/000881.png,05/000873.png,05/000851.png
05/000881.png,05/000874.png,05/000852.png
05/000881.png,05/000875.png,05/000853.png
05/000901.png,05/000891.png,05/000860.png
05/000901.png,05/000892.png,05/000861.png
05/000901.png,05/000893.png,05/000862.png
05/000921.png,05/000915.png,05/000869.png
05/000921.png,05/000916.png,05/000870.png
05/000921.png,05/000917.png,05/000871.png
05/000941.png,05/000937.png,05/000914.png
05/000941.png,05/000938.png,05/000915.png
05/000941.png,05/000939.png,05/000916.png
05/000961.png,05/000957.png,05/000937.png
05/000961.png,05/000958.png,05/000938.png
05/000961.png,05/000959.png,05/000939.png
05/000981.png,05/000976.png,05/000956.png
05/000981.png,05/000977.png,05/000957.png
05/000981.png,05/000978.png,05/000958.png
05/0001001.png,05/000996.png,05/000974.png
05/0001001.png,05/000997.png,05/000975.png
05/0001001.png,05/000998.png,05/000976.png
05/0001021.png,05/0001015.png,05/000991.png
05/0001021.png,05/0001016.png,05/000992.png
05/0001021.png,05/0001017.png,05/000993.png
05/0001041.png,05/0001037.png,05/0001015.png
05/0001041.png,05/0001038.png,05/0001016.png
05/0001041.png,05/0001039.png,05/0001017.png
05/0001061.png,05/0001058.png,05/0001041.png
05/0001061.png,05/0001059.png,05/0001042.png
05/0001061.png,05/0001060.png,05/0001043.png
05/0001081.png,05/0001077.png,05/0001061.png
05/0001081.png,05/0001078.png,05/0001062.png
05/0001081.png,05/0001079.png,05/0001063.png
05/0001101.png,05/0001097.png,05/0001080.png
05/0001101.png,05/0001098.png,05/0001081.png
05/0001101.png,05/0001099.png,05/0001082.png
05/0001121.png,05/0001117.png,05/0001100.png
05/0001121.png,05/0001118.png,05/0001101.png
05/0001121.png,05/0001119.png,05/0001102.png
05/0001141.png,05/0001137.png,05/0001118.png
05/0001141.png,05/0001138.png,05/0001119.png
05/0001141.png,05/0001139.png,05/0001120.png
05/0001161.png,05/0001156.png,05/0001135.png
05/0001161.png,05/0001157.png,05/0001136.png
05/0001161.png,05/0001158.png,05/0001137.png
05/0001181.png,05/0001171.png,05/0001146.png
05/0001181.png,05/0001172.png,05/0001147.png
05/0001181.png,05/0001173.png,05/0001148.png
05/0001201.png,05/0001189.png,05/0001154.png
05/0001201.png,05/0001190.png,05/0001155.png
05/0001201.png,05/0001191.png,05/0001156.png
05/0001221.png,05/0001214.png,05/0001169.png
05/0001221.png,05/0001215.png,05/0001170.png
05/0001221.png,05/0001216.png,05/0001171.png
05/0001241.png,05/0001236.png,05/0001208.png
05/0001241.png,05/0001237.png,05/0001209.png
05/0001241.png,05/0001238.png,05/0001210.png
05/0001261.png,05/0001257.png,05/0001237.png
05/0001261.png,05/0001258.png,05/0001238.png
05/0001261.png,05/0001259.png,05/0001239.png
05/0001281.png,05/0001275.png,05/000508.png
05/0001281.png,05/0001276.png,05/000509.png
05/0001281.png,05/0001277.png,05/000510.png
05/0001301.png,05/000529.png,05/000495.png
05/0001301.png,05/000530.png,05/000496.png
05/0001301.png,05/000531.png,05/000497.png
05/0001321.png,05/000556.png,05/000500.png
05/0001321.png,05/000557.png,05/000501.png
05/0001321.png,05/000558.png,05/000502.png
05/0001341.png,05/000579.png,05/000556.png
05/0001341.png,05/000580.png,05/000557.png
05/0001341.png,05/000581.png,05/000558.png
05/0001361.png,05/000600.png,05/000582.png
05/0001361.png,05/000601.png,05/000583.png
05/0001361.png,05/000602.png,05/000584.png
05/0001381.png,05/000621.png,05/000603.png
05/0001381.png,05/000622.png,05/000604.png
05/0001381.png,05/000623.png,05/000605.png
05/0001401.png,05/000643.png,05/000626.png
05/0001401.png,05/000644.png,05/000627.png
05/0001401.png,05/000645.png,05/000628.png
05/0001421.png,05/000665.png,05/000648.png
05/0001421.png,05/000666.png,05/000649.png
05/0001421.png,05/000667.png,05/000650.png
05/0001441.png,05/000687.png,05/000670.png
05/0001441.png,05/000688.png,05/000671.png
05/0001441.png,05/000689.png,05/000672.png
05/0001461.png,05/000710.png,05/000694.png
05/0001461.png,05/000711.png,05/000695.png
05/0001461.png,05/000712.png,05/000696.png
05/0001481.png,05/000733.png,05/000717.png
05/0001481.png,05/000734.png,05/000718.png
05/0001481.png,05/000735.png,05/000719.png
05/0001501.png,05/000753.png,05/000735.png
05/0001501.png,05/000754.png,05/000736.png
05/0001501.png,05/000755.png,05/000737.png
05/0001521.png,05/000772.png,05/000749.png
05/0001521.png,05/000773.png,05/000750.png
05/0001521.png,05/000774.png,05/000751.png
05/0001541.png,05/000783.png,05/000757.png
05/0001541.png,05/000784.png,05/000758.png
05/0001541.png,05/000785.png,05/000759.png
05/0001561.png,05/000801.png,05/000765.png
05/0001561.png,05/000802.png,05/000766.png
05/0001561.png,05/000803.png,05/000767.png
05/0001581.png,05/0001577.png,05/000792.png
05/0001581.png,05/0001578.png,05/000793.png
05/0001581.png,05/0001579.png,05/000794.png
05/0001601.png,05/0001598.png,05/0001581.png
05/0001601.png,05/0001599.png,05/0001582.png
05/0001601.png,05/0001600.png,05/0001583.png
05/0001621.png,05/0001618.png,05/0001603.png
05/0001621.png,05/0001619.png,05/0001604.png
05/0001621.png,05/0001620.png,05/0001605.png
05/0001641.png,05/0001638.png,05/0001623.png
05/0001641.png,05/0001639.png,05/0001624.png
05/0001641.png,05/0001640.png,05/0001625.png
05/0001661.png,05/0001658.png,05/0001643.png
05/0001661.png,05/0001659.png,05/0001644.png
05/0001661.png,05/0001660.png,05/0001645.png
05/0001681.png,05/0001678.png,05/0001664.png
05/0001681.png,05/0001679.png,05/0001665.png
05/0001681.png,05/0001680.png,05/0001666.png
05/0001701.png,05/0001698.png,05/0001684.png
05/0001701.png,05/0001699.png,05/0001685.png
05/0001701.png,05/0001700.png,05/0001686.png
05/0001721.png,05/0001718.png,05/0001704.png
05/0001721.png,05/0001719.png,05/0001705.png
05/0001721.png,05/0001720.png,05/0001706.png
05/0001741.png,05/0001737.png,05/0001722.png
05/0001741.png,05/0001738.png,05/0001723.png
05/0001741.png,05/0001739.png,05/0001724.png
05/0001761.png,05/0001757.png,05/0001739.png
05/0001761.png,05/0001758.png,05/0001740.png
05/0001761.png,05/0001759.png,05/0001741.png
05/0001781.png,05/0001776.png,05/0001756.png
05/0001781.png,05/0001777.png,05/0001757.png
05/0001781.png,05/0001778.png,05/0001758.png
05/0001801.png,05/0001793.png,05/0001768.png
05/0001801.png,05/0001794.png,05/0001769.png
05/0001801.png,05/0001795.png,05/0001770.png
05/0001821.png,05/0001809.png,05/0001777.png
05/0001821.png,05/0001810.png,05/0001778.png
05/0001821.png,05/0001811.png,05/0001779.png
05/0001841.png,05/0001829.png,05/0001784.png
05/0001841.png,05/0001830.png,05/0001785.png
05/0001841.png,05/0001831.png,05/0001786.png
05/0001861.png,05/0001856.png,05/0001805.png
05/0001861.png,05/0001857.png,05/0001806.png
05/0001861.png,05/0001858.png,05/0001807.png
05/0001881.png,05/0001878.png,05/0001861.png
05/0001881.png,05/0001879.png,05/0001862.png
05/0001881.png,05/0001880.png,05/0001863.png
05/0001901.png,05/0001898.png,05/0001884.png
05/0001901.png,05/0001899.png,05/0001885.png
05/0001901.png,05/0001900.png,05/0001886.png
05/0001921.png,05/0001918.png,05/0001904.png
05/0001921.png,05/0001919.png,05/0001905.png
05/0001921.png,05/0001920.png,05/0001906.png
05/0001941.png,05/0001938.png,05/0001923.png
05/0001941.png,05/0001939.png,05/0001924.png
05/0001941.png,05/0001940.png,05/0001925.png
05/0001961.png,05/0001958.png,05/0001942.png
05/0001961.png,05/0001959.png,05/0001943.png
05/0001961.png,05/0001960.png,05/0001944.png
05/0001981.png,05/0001977.png,05/0001961.png
05/0001981.png,05/0001978.png,05/0001962.png
05/0001981.png,05/0001979.png,05/0001963.png
05/0002001.png,05/0001997.png,05/0001981.png
05/0002001.png,05/0001998.png,05/0001982.png
05/0002001.png,05/0001999.png,05/0001983.png
05/0002021.png,05/0002018.png,05/0002003.png
05/0002021.png,05/0002019.png,05/0002004.png
05/0002021.png,05/0002020.png,05/0002005.png
05/0002041.png,05/0002038.png,05/0002023.png
05/0002041.png,05/0002039.png,05/0002024.png
05/0002041.png,05/0002040.png,05/0002025.png
05/0002061.png,05/0002056.png,05/0002040.png
05/0002061.png,05/0002057.png,05/0002041.png
05/0002061.png,05/0002058.png,05/0002042.png
05/0002081.png,05/0002072.png,05/0002050.png
05/0002081.png,05/0002073.png,05/0002051.png
05/0002081.png,05/0002074.png,05/0002052.png
05/0002101.png,05/0002088.png,05/0002056.png
05/0002101.png,05/0002089.png,05/0002057.png
05/0002101.png,05/0002090.png,05/0002058.png
05/0002121.png,05/0002116.png,05/0002072.png
05/0002121.png,05/0002117.png,05/0002073.png
05/0002121.png,05/0002118.png,05/0002074.png
05/0002141.png,05/0002138.png,05/0002120.png
05/0002141.png,05/0002139.png,05/0002121.png
05/0002141.png,05/0002140.png,05/0002122.png
05/0002161.png,05/0002158.png,05/0002145.png
05/0002161.png,05/0002159.png,05/0002146.png
05/0002161.png,05/0002160.png,05/0002147.png
05/0002181.png,05/0002178.png,05/0002165.png
05/0002181.png,05/0002179.png,05/0002166.png
05/0002181.png,05/0002180.png,05/0002167.png
05/0002201.png,05/0002198.png,05/0002184.png
05/0002201.png,05/0002199.png,05/0002185.png
05/0002201.png,05/0002200.png,05/0002186.png
05/0002221.png,05/0002218.png,05/0002204.png
05/0002221.png,05/0002219.png,05/0002205.png
05/0002221.png,05/0002220.png,05/0002206.png
05/0002241.png,05/0002238.png,05/0002224.png
05/0002241.png,05/0002239.png,05/0002225.png
05/0002241.png,05/0002240.png,05/0002226.png
05/0002261.png,05/0002258.png,05/0002243.png
05/0002261.png,05/0002259.png,05/0002244.png
05/0002261.png,05/0002260.png,05/0002245.png
05/0002281.png,05/0002277.png,05/0002261.png
05/0002281.png,05/0002278.png,05/0002262.png
05/0002281.png,05/0002279.png,05/0002263.png
05/0002301.png,05/0002295.png,05/0000.png
05/0002301.png,05/0002296.png,05/0001.png
05/0002301.png,05/0002297.png,05/0002.png
05/0002321.png,05/0002307.png,05/0000.png
05/0002321.png,05/0002308.png,05/0001.png
05/0002321.png,05/0002309.png,05/0002.png
05/0002341.png,05/0002309.png,05/0000.png
05/0002341.png,05/0002310.png,05/0001.png
05/0002341.png,05/0002311.png,05/0002.png
05/0002361.png,05/0002309.png,05/0000.png
05/0002361.png,05/0002310.png,05/0001.png
05/0002361.png,05/0002311.png,05/0002.png
05/0002381.png,05/0002309.png,05/0000.png
05/0002381.png,05/0002310.png,05/0001.png
05/0002381.png,05/0002311.png,05/0002.png
05/0002401.png,05/0002310.png,05/0000.png
05/0002401.png,05/0002311.png,05/0001.png
05/0002401.png,05/0002312.png,05/0002.png
05/0002421.png,05/00017.png,05/0000.png
05/0002421.png,05/00018.png,05/0001.png
05/0002421.png,05/00019.png,05/0002.png
05/0002441.png,05/00035.png,05/00015.png
05/0002441.png,05/00036.png,05/00016.png
05/0002441.png,05/00037.png,05/00017.png
05/0002461.png,05/00056.png,05/00041.png
05/0002461.png,05/00057.png,05/00042.png
05/0002461.png,05/00058.png,05/00043.png
05/0002481.png,05/00077.png,05/00062.png
05/0002481.png,05/00078.png,05/00063.png
05/0002481.png,05/00079.png,05/00064.png
05/0002501.png,05/00097.png,05/00081.png
05/0002501.png,05/00098.png,05/00082.png
05/0002501.png,05/00099.png,05/00083.png
05/0002521.png,05/0002518.png,05/000102.png
05/0002521.png,05/0002519.png,05/000103.png
05/0002521.png,05/0002520.png,05/000104.png
05/0002541.png,05/0002538.png,05/0002524.png
05/0002541.png,05/0002539.png,05/0002525.png
05/0002541.png,05/0002540.png,05/0002526.png
05/0002561.png,05/0002558.png,05/000768.png
05/0002561.png,05/0002559.png,05/000769.png
05/0002561.png,05/0002560.png,05/000770.png
05/0002581.png,05/000805.png,05/000765.png
05/0002581.png,05/000806.png,05/000766.png
05/0002581.png,05/000807.png,05/000767.png
05/0002601.png,05/000842.png,05/000819.png
05/0002601.png,05/000843.png,05/000820.png
05/0002601.png,05/000844.png,05/000821.png
05/0002621.png,05/000867.png,05/000846.png
05/0002621.png,05/000868.png,05/000847.png
05/0002621.png,05/000869.png,05/000848.png
05/0002641.png,05/0002638.png,05/000872.png
05/0002641.png,05/0002639.png,05/000873.png
05/0002641.png,05/0002640.png,05/000874.png
05/0002661.png,05/0002658.png,05/0002644.png
05/0002661.png,05/0002659.png,05/0002645.png
05/0002661.png,05/0002660.png,05/0002646.png
05/0002681.png,05/0002677.png,05/0002663.png
05/0002681.png,05/0002678.png,05/0002664.png
05/0002681.png,05/0002679.png,05/0002665.png
05/0002701.png,05/0002697.png,05/0002680.png
05/0002701.png,05/0002698.png,05/0002681.png
05/0002701.png,05/0002699.png,05/0002682.png
05/0002721.png,05/0002718.png,05/0002703.png
05/0002721.png,05/0002719.png,05/0002704.png
05/0002721.png,05/0002720.png,05/0002705.png
05/0002741.png,05/0002738.png,05/0002725.png
05/0002741.png,05/0002739.png,05/0002726.png
05/0002741.png,05/0002740.png,05/0002727.png
06/0001.png,06/0000.png,06/00010.png
06/0001.png,06/0002.png,06/00011.png
06/00021.png,06/00018.png,06/0005.png
06/00021.png,06/00019.png,06/0006.png
06/00021.png,06/00020.png,06/0007.png
06/00041.png,06/00038.png,06/00025.png
06/00041.png,06/00039.png,06/00026.png
06/00041.png,06/00040.png,06/00027.png
06/00061.png,06/00058.png,06/00045.png
06/00061.png,06/00059.png,06/00046.png
06/00061.png,06/00060.png,06/00047.png
06/00081.png,06/00078.png,06/00064.png
06/00081.png,06/00079.png,06/00065.png
06/00081.png,06/00080.png,06/00066.png
06/000101.png,06/00098.png,06/00085.png
06/000101.png,06/00099.png,06/00086.png
06/000101.png,06/000100.png,06/00087.png
06/000121.png,06/000118.png,06/000106.png
06/000121.png,06/000119.png,06/000107.png
06/000121.png,06/000120.png,06/000108.png
06/000141.png,06/000138.png,06/000126.png
06/000141.png,06/000139.png,06/000127.png
06/000141.png,06/000140.png,06/000128.png
06/000161.png,06/000158.png,06/000146.png
06/000161.png,06/000159.png,06/000147.png
06/000161.png,06/000160.png,06/000148.png
06/000181.png,06/000178.png,06/000164.png
06/000181.png,06/000179.png,06/000165.png
06/000181.png,06/000180.png,06/000166.png
06/000201.png,06/000196.png,06/000178.png
06/000201.png,06/000197.png,06/000179.png
06/000201.png,06/000198.png,06/000180.png
06/000221.png,06/000216.png,06/000193.png
06/000221.png,06/000217.png,06/000194.png
06/000221.png,06/000218.png,06/000195.png
06/000241.png,06/000237.png,06/000216.png
06/000241.png,06/000238.png,06/000217.png
06/000241.png,06/000239.png,06/000218.png
06/000261.png,06/000257.png,06/000238.png
06/000261.png,06/000258.png,06/000239.png
06/000261.png,06/000259.png,06/000240.png
06/000281.png,06/000274.png,06/000253.png
06/000281.png,06/000275.png,06/000254.png
06/000281.png,06/000276.png,06/000255.png
06/000301.png,06/000292.png,06/000261.png
06/000301.png,06/000293.png,06/000262.png
06/000301.png,06/000294.png,06/000263.png
06/000321.png,06/000316.png,06/000263.png
06/000321.png,06/000317.png,06/000264.png
06/000321.png,06/000318.png,06/000265.png
06/000341.png,06/000338.png,06/000245.png
06/000341.png,06/000339.png,06/000246.png
06/000341.png,06/000340.png,06/000247.png
06/000361.png,06/000359.png,06/000205.png
06/000361.png,06/000360.png,06/000206.png
06/000381.png,06/000379.png,06/000174.png
06/000381.png,06/000380.png,06/000175.png
06/000401.png,06/000399.png,06/000150.png
06/000401.png,06/000400.png,06/000151.png
06/000421.png,06/000418.png,06/000129.png
06/000421.png,06/000419.png,06/000130.png
06/000421.png,06/000420.png,06/000131.png
06/000441.png,06/000437.png,06/000114.png
06/000441.png,06/000438.png,06/000115.png
06/000441.png,06/000439.png,06/000116.png
06/000461.png,06/000456.png,06/000103.png
06/000461.png,06/000457.png,06/000104.png
06/000461.png,06/000458.png,06/000105.png
06/000481.png,06/000477.png,06/00088.png
06/000481.png,06/000478.png,06/00089.png
06/000481.png,06/000479.png,06/00090.png
06/000501.png,06/000498.png,06/00064.png
06/000501.png,06/000499.png,06/00065.png
06/000501.png,06/000500.png,06/00066.png
06/000521.png,06/000519.png,06/00040.png
06/000521.png,06/000520.png,06/00041.png
06/000541.png,06/000539.png,06/00016.png
06/000541.png,06/000540.png,06/00017.png
06/000561.png,06/000559.png,06/0000.png
06/000561.png,06/000560.png,06/0001.png
06/000581.png,06/000579.png,06/000567.png
06/000581.png,06/000580.png,06/000568.png
06/000601.png,06/000599.png,06/000587.png
06/000601.png,06/000600.png,06/000588.png
06/000621.png,06/000619.png,06/000607.png
06/000621.png,06/000620.png,06/000608.png
06/000641.png,06/000638.png,06/000626.png
06/000641.png,06/000639.png,06/000627.png
06/000641.png,06/000640.png,06/000628.png
06/000661.png,06/000658.png,06/000645.png
06/000661.png,06/000659.png,06/000646.png
06/000661.png,06/000660.png,06/000647.png
06/000681.png,06/000676.png,06/000660.png
06/000681.png,06/000677.png,06/000661.png
06/000681.png,06/000678.png,06/000662.png
06/000701.png,06/000693.png,06/000667.png
06/000701.png,06/000694.png,06/000668.png
06/000701.png,06/000695.png,06/000669.png
06/000721.png,06/000715.png,06/000666.png
06/000721.png,06/000716.png,06/000667.png
06/000721.png,06/000717.png,06/000668.png
06/000741.png,06/000738.png,06/000651.png
06/000741.png,06/000739.png,06/000652.png
06/000741.png,06/000740.png,06/000653.png
06/000761.png,06/000759.png,06/000631.png
06/000761.png,06/000760.png,06/000632.png
06/000781.png,06/000779.png,06/000609.png
06/000781.png,06/000780.png,06/000610.png
06/000801.png,06/000799.png,06/000588.png
06/000801.png,06/000800.png,06/000589.png
06/000821.png,06/000819.png,06/0000.png
06/000821.png,06/000820.png,06/0001.png
06/000841.png,06/0005.png,06/00017.png
06/000841.png,06/0006.png,06/00018.png
06/000841.png,06/0007.png,06/00019.png
06/000861.png,06/00028.png,06/00014.png
06/000861.png,06/00029.png,06/00015.png
06/000861.png,06/00030.png,06/00016.png
06/000881.png,06/00049.png,06/00036.png
06/000881.png,06/00050.png,06/00037.png
06/000881.png,06/00051.png,06/00038.png
06/000901.png,06/00069.png,06/00055.png
06/000901.png,06/00070.png,06/00056.png
06/000901.png,06/00071.png,06/00057.png
06/000921.png,06/00088.png,06/00074.png
06/000921.png,06/00089.png,06/00075.png
06/000921.png,06/00090.png,06/00076.png
06/000941.png,06/000107.png,06/00094.png
06/000941.png,06/000108.png,06/00095.png
06/000941.png,06/000109.png,06/00096.png
06/000961.png,06/000128.png,06/000116.png
06/000961.png,06/000129.png,06/000117.png
06/000961.png,06/000130.png,06/000118.png
06/000981.png,06/000151.png,06/000138.png
06/000981.png,06/000152.png,06/000139.png
06/000981.png,06/000153.png,06/000140.png
06/0001001.png,06/000173.png,06/000160.png
06/0001001.png,06/000174.png,06/000161.png
06/0001001.png,06/000175.png,06/000162.png
06/0001021.png,06/000195.png,06/000178.png
06/0001021.png,06/000196.png,06/000179.png
06/0001021.png,06/000197.png,06/000180.png
06/0001041.png,06/000217.png,06/000194.png
06/0001041.png,06/000218.png,06/000195.png
06/0001041.png,06/000219.png,06/000196.png
06/0001061.png,06/000238.png,06/000217.png
06/0001061.png,06/000239.png,06/000218.png
06/0001061.png,06/000240.png,06/000219.png
06/0001081.png,06/000260.png,06/000241.png
06/0001081.png,06/000261.png,06/000242.png
06/0001081.png,06/000262.png,06/000243.png
07/00021.png,07/0000.png,07/00048.png
07/00021.png,07/0001.png,07/00049.png
07/00021.png,07/0002.png,07/00050.png
07/00041.png,07/00031.png,07/00058.png
07/00041.png,07/00032.png,07/00059.png
07/00041.png,07/00033.png,07/00060.png
07/00061.png,07/00056.png,07/00011.png
07/00061.png,07/00057.png,07/00012.png
07/00061.png,07/00058.png,07/00013.png
07/00081.png,07/00077.png,07/00057.png
07/00081.png,07/00078.png,07/00058.png
07/00081.png,07/00079.png,07/00059.png
07/000101.png,07/00097.png,07/00077.png
07/000101.png,07/00098.png,07/00078.png
07/000101.png,07/00099.png,07/00079.png
07/000121.png,07/000115.png,07/00094.png
07/000121.png,07/000116.png,07/00095.png
07/000121.png,07/000117.png,07/00096.png
07/000141.png,07/000132.png,07/000104.png
07/000141.png,07/000133.png,07/000105.png
07/000141.png,07/000134.png,07/000106.png
07/000161.png,07/000156.png,07/000121.png
07/000161.png,07/000157.png,07/000122.png
07/000161.png,07/000158.png,07/000123.png
07/000181.png,07/000176.png,07/000155.png
07/000181.png,07/000177.png,07/000156.png
07/000181.png,07/000178.png,07/000157.png
07/000201.png,07/000197.png,07/000177.png
07/000201.png,07/000198.png,07/000178.png
07/000201.png,07/000199.png,07/000179.png
07/000221.png,07/000217.png,07/000198.png
07/000221.png,07/000218.png,07/000199.png
07/000221.png,07/000219.png,07/000200.png
07/000241.png,07/000236.png,07/000216.png
07/000241.png,07/000237.png,07/000217.png
07/000241.png,07/000238.png,07/000218.png
07/000261.png,07/000256.png,07/000235.png
07/000261.png,07/000257.png,07/000236.png
07/000261.png,07/000258.png,07/000237.png
07/000281.png,07/000276.png,07/000255.png
07/000281.png,07/000277.png,07/000256.png
07/000281.png,07/000278.png,07/000257.png
07/000301.png,07/000292.png,07/000269.png
07/000301.png,07/000293.png,07/000270.png
07/000301.png,07/000294.png,07/000271.png
07/000321.png,07/000304.png,07/000275.png
07/000321.png,07/000305.png,07/000276.png
07/000321.png,07/000306.png,07/000277.png
07/000341.png,07/000332.png,07/000281.png
07/000341.png,07/000333.png,07/000282.png
07/000341.png,07/000334.png,07/000283.png
07/000361.png,07/000357.png,07/000323.png
07/000361.png,07/000358.png,07/000324.png
07/000361.png,07/000359.png,07/000325.png
07/000381.png,07/000377.png,07/000360.png
07/000381.png,07/000378.png,07/000361.png
07/000381.png,07/000379.png,07/000362.png
07/000401.png,07/000397.png,07/000381.png
07/000401.png,07/000398.png,07/000382.png
07/000401.png,07/000399.png,07/000383.png
07/000421.png,07/000417.png,07/000401.png
07/000421.png,07/000418.png,07/000402.png
07/000421.png,07/000419.png,07/000403.png
07/000441.png,07/000436.png,07/000418.png
07/000441.png,07/000437.png,07/000419.png
07/000441.png,07/000438.png,07/000420.png
07/000461.png,07/000454.png,07/000431.png
07/000461.png,07/000455.png,07/000432.png
07/000461.png,07/000456.png,07/000433.png
07/000481.png,07/000473.png,07/000439.png
07/000481.png,07/000474.png,07/000440.png
07/000481.png,07/000475.png,07/000441.png
07/000501.png,07/000496.png,07/000462.png
07/000501.png,07/000497.png,07/000463.png
07/000501.png,07/000498.png,07/000464.png
07/000521.png,07/000517.png,07/000497.png
07/000521.png,07/000518.png,07/000498.png
07/000521.png,07/000519.png,07/000499.png
07/000541.png,07/000537.png,07/000520.png
07/000541.png,07/000538.png,07/000521.png
07/000541.png,07/000539.png,07/000522.png
07/000561.png,07/000557.png,07/000539.png
07/000561.png,07/000558.png,07/000540.png
07/000561.png,07/000559.png,07/000541.png
07/000581.png,07/000578.png,07/000562.png
07/000581.png,07/000579.png,07/000563.png
07/000581.png,07/000580.png,07/000564.png
07/000601.png,07/000597.png,07/000582.png
07/000601.png,07/000598.png,07/000583.png
07/000601.png,07/000599.png,07/000584.png
07/000621.png,07/000617.png,07/000600.png
07/000621.png,07/000618.png,07/000601.png
07/000621.png,07/000619.png,07/000602.png
07/000641.png,07/000632.png,07/000612.png
07/000641.png,07/000633.png,07/000613.png
07/000641.png,07/000634.png,07/000614.png
07/000661.png,07/000638.png,07/000615.png
07/000661.png,07/000639.png,07/000616.png
07/000661.png,07/000640.png,07/000617.png
07/000681.png,07/000638.png,07/000615.png
07/000681.png,07/000639.png,07/000616.png
07/000681.png,07/000640.png,07/000617.png
07/000701.png,07/000638.png,07/000615.png
07/000701.png,07/000639.png,07/000616.png
07/000701.png,07/000640.png,07/000617.png
07/000721.png,07/000638.png,07/000615.png
07/000721.png,07/000639.png,07/000616.png
07/000721.png,07/000640.png,07/000617.png
07/000741.png,07/000646.png,07/000617.png
07/000741.png,07/000647.png,07/000618.png
07/000741.png,07/000648.png,07/000619.png
07/000761.png,07/000755.png,07/000624.png
07/000761.png,07/000756.png,07/000625.png
07/000761.png,07/000757.png,07/000626.png
07/000781.png,07/000778.png,07/000759.png
07/000781.png,07/000779.png,07/000760.png
07/000781.png,07/000780.png,07/000761.png
07/000801.png,07/000798.png,07/000785.png
07/000801.png,07/000799.png,07/000786.png
07/000801.png,07/000800.png,07/000787.png
07/000821.png,07/000818.png,07/000804.png
07/000821.png,07/000819.png,07/000805.png
07/000821.png,07/000820.png,07/000806.png
07/000841.png,07/000838.png,07/000823.png
07/000841.png,07/000839.png,07/000824.png
07/000841.png,07/000840.png,07/000825.png
07/000861.png,07/000858.png,07/000842.png
07/000861.png,07/000859.png,07/000843.png
07/000861.png,07/000860.png,07/000844.png
07/000881.png,07/000877.png,07/000861.png
07/000881.png,07/000878.png,07/000862.png
07/000881.png,07/000879.png,07/000863.png
07/000901.png,07/000894.png,07/000872.png
07/000901.png,07/000895.png,07/000873.png
07/000901.png,07/000896.png,07/000874.png
07/000921.png,07/000913.png,07/000881.png
07/000921.png,07/000914.png,07/000882.png
07/000921.png,07/000915.png,07/000883.png
07/000941.png,07/000936.png,07/000907.png
07/000941.png,07/000937.png,07/000908.png
07/000941.png,07/000938.png,07/000909.png
07/000961.png,07/000956.png,07/000935.png
07/000961.png,07/000957.png,07/000936.png
07/000961.png,07/000958.png,07/000937.png
07/000981.png,07/000975.png,07/000952.png
07/000981.png,07/000976.png,07/000953.png
07/000981.png,07/000977.png,07/000954.png
07/0001001.png,07/000993.png,07/0000.png
07/0001001.png,07/000994.png,07/0001.png
07/0001001.png,07/000995.png,07/0002.png
07/0001021.png,07/0001006.png,07/0000.png
07/0001021.png,07/0001007.png,07/0001.png
07/0001021.png,07/0001008.png,07/0002.png
07/0001041.png,07/0001024.png,07/00026.png
07/0001041.png,07/0001025.png,07/00027.png
07/0001041.png,07/0001026.png,07/00028.png
07/0001061.png,07/0000.png,07/00045.png
07/0001061.png,07/0001.png,07/00046.png
07/0001061.png,07/0002.png,07/00047.png
07/0001081.png,07/00023.png,07/00048.png
07/0001081.png,07/00024.png,07/00049.png
07/0001081.png,07/00025.png,07/00050.png
09/0001.png,09/0000.png,09/00026.png
09/0001.png,09/0002.png,09/00027.png
09/00021.png,09/00013.png,09/00038.png
09/00021.png,09/00014.png,09/00039.png
09/00021.png,09/00015.png,09/00040.png
09/00041.png,09/00036.png,09/0003.png
09/00041.png,09/00037.png,09/0004.png
09/00041.png,09/00038.png,09/0005.png
09/00061.png,09/00057.png,09/00038.png
09/00061.png,09/00058.png,09/00039.png
09/00061.png,09/00059.png,09/00040.png
09/00081.png,09/00078.png,09/00063.png
09/00081.png,09/00079.png,09/00064.png
09/00081.png,09/00080.png,09/00065.png
09/000101.png,09/00098.png,09/00083.png
09/000101.png,09/00099.png,09/00084.png
09/000101.png,09/000100.png,09/00085.png
09/000121.png,09/000118.png,09/000105.png
09/000121.png,09/000119.png,09/000106.png
09/000121.png,09/000120.png,09/000107.png
09/000141.png,09/000138.png,09/000126.png
09/000141.png,09/000139.png,09/000127.png
09/000141.png,09/000140.png,09/000128.png
09/000161.png,09/000158.png,09/000144.png
09/000161.png,09/000159.png,09/000145.png
09/000161.png,09/000160.png,09/000146.png
09/000181.png,09/000177.png,09/000162.png
09/000181.png,09/000178.png,09/000163.png
09/000181.png,09/000179.png,09/000164.png
09/000201.png,09/000197.png,09/000179.png
09/000201.png,09/000198.png,09/000180.png
09/000201.png,09/000199.png,09/000181.png
09/000221.png,09/000218.png,09/000200.png
09/000221.png,09/000219.png,09/000201.png
09/000221.png,09/000220.png,09/000202.png
09/000241.png,09/000238.png,09/000224.png
09/000241.png,09/000239.png,09/000225.png
09/000241.png,09/000240.png,09/000226.png
09/000261.png,09/000259.png,09/000247.png
09/000261.png,09/000260.png,09/000248.png
09/000281.png,09/000279.png,09/000268.png
09/000281.png,09/000280.png,09/000269.png
09/000301.png,09/000298.png,09/000287.png
09/000301.png,09/000299.png,09/000288.png
09/000301.png,09/000300.png,09/000289.png
09/000321.png,09/000318.png,09/000304.png
09/000321.png,09/000319.png,09/000305.png
09/000321.png,09/000320.png,09/000306.png
09/000341.png,09/000337.png,09/000321.png
09/000341.png,09/000338.png,09/000322.png
09/000341.png,09/000339.png,09/000323.png
09/000361.png,09/000357.png,09/000341.png
09/000361.png,09/000358.png,09/000342.png
09/000361.png,09/000359.png,09/000343.png
09/000381.png,09/000377.png,09/000361.png
09/000381.png,09/000378.png,09/000362.png
09/000381.png,09/000379.png,09/000363.png
09/000401.png,09/000397.png,09/000380.png
09/000401.png,09/000398.png,09/000381.png
09/000401.png,09/000399.png,09/000382.png
09/000421.png,09/000417.png,09/000401.png
09/000421.png,09/000418.png,09/000402.png
09/000421.png,09/000419.png,09/000403.png
09/000441.png,09/000438.png,09/000421.png
09/000441.png,09/000439.png,09/000422.png
09/000441.png,09/000440.png,09/000423.png
09/000461.png,09/000458.png,09/000443.png
09/000461.png,09/000459.png,09/000444.png
09/000461.png,09/000460.png,09/000445.png
09/000481.png,09/000478.png,09/000464.png
09/000481.png,09/000479.png,09/000465.png
09/000481.png,09/000480.png,09/000466.png
09/000501.png,09/000498.png,09/000483.png
09/000501.png,09/000499.png,09/000484.png
09/000501.png,09/000500.png,09/000485.png
09/000521.png,09/000517.png,09/000501.png
09/000521.png,09/000518.png,09/000502.png
09/000521.png,09/000519.png,09/000503.png
09/000541.png,09/000537.png,09/000520.png
09/000541.png,09/000538.png,09/000521.png
09/000541.png,09/000539.png,09/000522.png
09/000561.png,09/000558.png,09/000543.png
09/000561.png,09/000559.png,09/000544.png
09/000561.png,09/000560.png,09/000545.png
09/000581.png,09/000578.png,09/000563.png
09/000581.png,09/000579.png,09/000564.png
09/000581.png,09/000580.png,09/000565.png
09/000601.png,09/000598.png,09/000584.png
09/000601.png,09/000599.png,09/000585.png
09/000601.png,09/000600.png,09/000586.png
09/000621.png,09/000617.png,09/000602.png
09/000621.png,09/000618.png,09/000603.png
09/000621.png,09/000619.png,09/000604.png
09/000641.png,09/000637.png,09/000620.png
09/000641.png,09/000638.png,09/000621.png
09/000641.png,09/000639.png,09/000622.png
09/000661.png,09/000656.png,09/000637.png
09/000661.png,09/000657.png,09/000638.png
09/000661.png,09/000658.png,09/000639.png
09/000681.png,09/000677.png,09/000657.png
09/000681.png,09/000678.png,09/000658.png
09/000681.png,09/000679.png,09/000659.png
09/000701.png,09/000697.png,09/000678.png
09/000701.png,09/000698.png,09/000679.png
09/000701.png,09/000699.png,09/000680.png
09/000721.png,09/000717.png,09/000699.png
09/000721.png,09/000718.png,09/000700.png
09/000721.png,09/000719.png,09/000701.png
09/000741.png,09/000738.png,09/000722.png
09/000741.png,09/000739.png,09/000723.png
09/000741.png,09/000740.png,09/000724.png
09/000761.png,09/000758.png,09/000744.png
09/000761.png,09/000759.png,09/000745.png
09/000761.png,09/000760.png,09/000746.png
09/000781.png,09/000778.png,09/000766.png
09/000781.png,09/000779.png,09/000767.png
09/000781.png,09/000780.png,09/000768.png
09/000801.png,09/000799.png,09/000787.png
09/000801.png,09/000800.png,09/000788.png
09/000821.png,09/000819.png,09/000807.png
09/000821.png,09/000820.png,09/000808.png
09/000841.png,09/000838.png,09/000826.png
09/000841.png,09/000839.png,09/000827.png
09/000841.png,09/000840.png,09/000828.png
09/000861.png,09/000858.png,09/000842.png
09/000861.png,09/000859.png,09/000843.png
09/000861.png,09/000860.png,09/000844.png
09/000881.png,09/000878.png,09/000862.png
09/000881.png,09/000879.png,09/000863.png
09/000881.png,09/000880.png,09/000864.png
09/000901.png,09/000898.png,09/000884.png
09/000901.png,09/000899.png,09/000885.png
09/000901.png,09/000900.png,09/000886.png
09/000921.png,09/000917.png,09/000903.png
09/000921.png,09/000918.png,09/000904.png
09/000921.png,09/000919.png,09/000905.png
09/000941.png,09/000936.png,09/000917.png
09/000941.png,09/000937.png,09/000918.png
09/000941.png,09/000938.png,09/000919.png
09/000961.png,09/000956.png,09/000934.png
09/000961.png,09/000957.png,09/000935.png
09/000961.png,09/000958.png,09/000936.png
09/000981.png,09/000976.png,09/000953.png
09/000981.png,09/000977.png,09/000954.png
09/000981.png,09/000978.png,09/000955.png
09/0001001.png,09/000997.png,09/000973.png
09/0001001.png,09/000998.png,09/000974.png
09/0001001.png,09/000999.png,09/000975.png
09/0001021.png,09/0001017.png,09/0001000.png
09/0001021.png,09/0001018.png,09/0001001.png
09/0001021.png,09/0001019.png,09/0001002.png
09/0001041.png,09/0001038.png,09/0001022.png
09/0001041.png,09/0001039.png,09/0001023.png
09/0001041.png,09/0001040.png,09/0001024.png
09/0001061.png,09/0001058.png,09/0001042.png
09/0001061.png,09/0001059.png,09/0001043.png
09/0001061.png,09/0001060.png,09/0001044.png
09/0001081.png,09/0001077.png,09/0001061.png
09/0001081.png,09/0001078.png,09/0001062.png
09/0001081.png,09/0001079.png,09/0001063.png
09/0001101.png,09/0001096.png,09/0001078.png
09/0001101.png,09/0001097.png,09/0001079.png
09/0001101.png,09/0001098.png,09/0001080.png
09/0001121.png,09/0001115.png,09/0001091.png
09/0001121.png,09/0001116.png,09/0001092.png
09/0001121.png,09/0001117.png,09/0001093.png
09/0001141.png,09/0001137.png,09/0001115.png
09/0001141.png,09/0001138.png,09/0001116.png
09/0001141.png,09/0001139.png,09/0001117.png
09/0001161.png,09/0001158.png,09/0001142.png
09/0001161.png,09/0001159.png,09/0001143.png
09/0001161.png,09/0001160.png,09/0001144.png
09/0001181.png,09/0001178.png,09/0001163.png
09/0001181.png,09/0001179.png,09/0001164.png
09/0001181.png,09/0001180.png,09/0001165.png
09/0001201.png,09/0001198.png,09/0001184.png
09/0001201.png,09/0001199.png,09/0001185.png
09/0001201.png,09/0001200.png,09/0001186.png
09/0001221.png,09/0001218.png,09/0001206.png
09/0001221.png,09/0001219.png,09/0001207.png
09/0001221.png,09/0001220.png,09/0001208.png
09/0001241.png,09/0001239.png,09/0001227.png
09/0001241.png,09/0001240.png,09/0001228.png
09/0001261.png,09/0001259.png,09/0001248.png
09/0001261.png,09/0001260.png,09/0001249.png
09/0001281.png,09/0001279.png,09/0001268.png
09/0001281.png,09/0001280.png,09/0001269.png
09/0001301.png,09/0001299.png,09/0001288.png
09/0001301.png,09/0001300.png,09/0001289.png
09/0001321.png,09/0001319.png,09/0001308.png
09/0001321.png,09/0001320.png,09/0001309.png
09/0001341.png,09/0001339.png,09/0001328.png
09/0001341.png,09/0001340.png,09/0001329.png
09/0001361.png,09/0001359.png,09/0001347.png
09/0001361.png,09/0001360.png,09/0001348.png
09/0001381.png,09/0001379.png,09/0001368.png
09/0001381.png,09/0001380.png,09/0001369.png
09/0001401.png,09/0001399.png,09/0001388.png
09/0001401.png,09/0001400.png,09/0001389.png
09/0001421.png,09/0001419.png,09/0001408.png
09/0001421.png,09/0001420.png,09/0001409.png
09/0001441.png,09/0001439.png,09/0001428.png
09/0001441.png,09/0001440.png,09/0001429.png
09/0001461.png,09/0001459.png,09/0001448.png
09/0001461.png,09/0001460.png,09/0001449.png
09/0001481.png,09/0001478.png,09/0001467.png
09/0001481.png,09/0001479.png,09/0001468.png
09/0001481.png,09/0001480.png,09/0001469.png
09/0001501.png,09/0001496.png,09/0001481.png
09/0001501.png,09/0001497.png,09/0001482.png
09/0001501.png,09/0001498.png,09/0001483.png
09/0001521.png,09/0001514.png,09/0001489.png
09/0001521.png,09/0001515.png,09/0001490.png
09/0001521.png,09/0001516.png,09/0001491.png
09/0001541.png,09/0001535.png,09/0001498.png
09/0001541.png,09/0001536.png,09/0001499.png
09/0001541.png,09/0001537.png,09/0001500.png
09/0001561.png,09/0001557.png,09/0000.png
09/0001561.png,09/0001558.png,09/0001.png
09/0001561.png,09/0001559.png,09/0002.png
09/0001581.png,09/0000.png,09/00028.png
09/0001581.png,09/0001.png,09/00029.png
09/0001581.png,09/0002.png,09/00030.png
